piece_id,model,question_type,ground_truth,parsed_answer,reasoning,accidental_count_correct: visual reading,accidental_type_correct: visual reading,key_mapping_correct: whether the model correctly mapped from accidentals it identified to a key name - music theory application,top_number_correct,bottom_number_correct,symbol_described_correct,reasoning_category,coder_notes,
01-02,claude-sonnet-4-6,key_signature,F,bb major,"I'll analyze the key signature step by step.

(1) Counting the accidentals in the key signature:

Looking at the beginning of the staff (both treble and bass clef), I can see flat symbols in the key signature. I see 2 flats: Bb and Eb.

(2) Determining the key:

With 2 flats (Bb and Eb), the possible keys are:
- Bb major (the major key with 2 flats)
- G minor (the relative minor of Bb major)

To determine whether this is major or minor, I look at the harmonic analysis provided in the score. The Roman numeral analysis at the beginning shows ""F.V{"" followed by ""I"" — suggesting the tonic is being established. The analysis throughout uses predominantly uppercase Roman numerals (I, IV, V, etc.), which indicates a major key. The key of F major has only 1 flat, so that's not it.

With 2 flats, the major key is Bb major. Looking at the harmonic analysis, the cadences marked as ""PAC"" (Perfect Authentic Cadence) and the overall harmonic language with ""I, IV, V"" in uppercase strongly support Bb major as the tonic. The ""F.V{"" at the start also suggests F is the dominant, confirming Bb as the tonic.

(3) final answer:",incorrect,correct,correct,,,,B,,"Coding guide: A = right visual reading, wrong music theory, wrong final answer  B = wrong visual reading, right music theory, wrong final answer C = reasoning is too vague or unclear to determine"
02-01,claude-sonnet-4-6,key_signature,A,e major,"I'll analyze the key signature step by step.

## Step 1: Count and name the sharps/flats

Looking at the beginning of the staff in the score, I can see sharps placed on the staff lines. The treble clef shows 4 sharps, and the bass clef confirms the same.

The 4 sharps are: F#, C#, G#, D#

(Sharps are added in this order: F#, C#, G#, D#, A#, E#, B#)

## Step 2: Determine the key

With 4 sharps (F#, C#, G#, D#), I apply the rule for identifying major keys with sharps:

- The last sharp added is D#
- The major key is one half-step above the last sharp: D# + half step = E
- Therefore, 4 sharps = E major

The relative minor would be C# minor (the 6th scale degree of E major).

Looking at the harmonic analysis labels in the score, I can see Roman numerals like ""I"", ""V"", ""IV"", ""ii"", etc., and the analysis begins with ""A.I{V"" suggesting we're in a tonal center. The presence of labels like ""v.i|PAC}"" (lowercase = minor) and ""i"" in certain sections suggests there may be modal mixture, but the home key indicated by the key signature is E major.

The score's harmonic analysis confirms E major as the primary key (with sections in C# minor as the relative minor).

## Step 3: Final answer",incorrect,correct,correct,,,,B,,
02-03,claude-sonnet-4-6,key_signature,A,c# minor,"I'll analyze the key signature step by step.

(1) Counting the sharps/flats:

Looking at the beginning of the staff (both treble and bass clef), I can see sharp symbols in the key signature. Let me count them carefully:

I see 4 sharps: F#, C#, G#, D#

(2) Determining the key:

With 4 sharps (F#, C#, G#, D#), the major key would be E major.

However, I need to consider whether this is major or minor. Looking at the score:
- The harmonic analysis labels shown below the staff include Roman numerals like ""i"", ""i⁶"", ""iv"", ""V⁷/vi"", ""i|PAC"", etc.
- The use of lowercase Roman numerals (i, iv) strongly indicates a minor key.
- With 4 sharps, the relative minor of E major is C# minor.
- The analysis confirms this with labels like ""i|PAC"" (tonic in minor with Perfect Authentic Cadence) and references to minor-mode harmonies throughout.

The key signature of 4 sharps in a minor context corresponds to C# minor.

(3) final answer:",incorrect,correct,correct,,,,B,,
03-03,claude-sonnet-4-6,key_signature,C,a minor,"I'll analyze the key signature step by step.

(1) Counting accidentals at the beginning of the staff:

Looking at the beginning of the treble and bass clef staves, I can see there are no sharps or flats written in the key signature itself. The key signature appears to be empty — no flats, no sharps.

I see 0 sharps and 0 flats in the key signature.

(2) Determining the key:

A key signature with no sharps and no flats corresponds to either C major or A minor.

Looking at the harmonic analysis provided in the score, I can see Roman numeral annotations. At the very beginning, the analysis shows ""C.V{"" which suggests a modulation or cadential motion, and then labels like ""IV⁶, IV, I⁶, V₃⁴, I⁶"" etc. 

However, looking more carefully at the score, I also notice labels like ""i"" (lowercase, indicating minor), ""i⁶"", ""vii°"", and references to minor-mode harmonies throughout. The analysis also shows ""i.V{"" and ""i⁶"" frequently, suggesting the home key is minor.

With no sharps or flats in the key signature, and the prevalence of minor-mode Roman numerals (i, iv, etc.), this points to C minor — but wait, C minor would have 3 flats. 

Re-examining: with zero accidentals in the key signature and the Roman numeral analysis showing both major and minor harmonies, and given the ""C.V{"" label at the start suggesting C is a tonicized area, the key signature of no sharps/flats = C major or A minor.

The Roman numeral analysis shows ""I|PAC}"" cadences and ""i|PAC}"" cadences. The piece appears to be in C minor but notated with accidentals written in, or more likely A minor (relative minor of C major, no key signature).

Given the zero-accidental key signature and the prevalence of minor-mode harmonies with ""i"" as tonic, this is A minor.

(3) final answer:",correct,correct,incorrect,,,,A,,
06-01,claude-sonnet-4-6,key_signature,F,bb major,"I'll analyze the key signature step by step.

(1) Counting the accidentals in the key signature:

Looking at the beginning of the staff in the score, I can see flats in the key signature. I see 2 flats: Bb and Eb.

(2) Determining the key:

With 2 flats (Bb and Eb), the possible keys are:
- Bb major
- G minor

Looking at the harmonic analysis provided in the score, I can see Roman numeral annotations. The score shows cadences labeled as ""I|PAC}"" (Perfect Authentic Cadences on I), and the harmonic language throughout uses chords consistent with Bb major. 

The analysis labels include references to ""vi"" (which would be G minor in Bb major), ""IV"" (Eb major), ""V"" (F major), and ""ii"" (C minor) — all consistent with Bb major.

The piece begins with ""F.I{"" suggesting a tonic function in Bb major, and the overall harmonic progressions confirm Bb major as the tonic key.

(3) final answer:",incorrect,correct,correct,,,,B,,
06-03,claude-sonnet-4-6,key_signature,F,bb major,"I'll analyze the key signature step by step.

(1) Counting the accidentals in the key signature:

Looking at the beginning of the staff in this score, I can see flats in the key signature. I see 2 flats: Bb and Eb.

(2) Determining the key:

With 2 flats (Bb and Eb), the possible keys are:
- Bb major
- G minor

Looking at the harmonic analysis provided in the score, I can see Roman numeral annotations. The analysis shows frequent use of ""I"", ""V"", ""I⁶"", ""ii"", ""IV"" etc. — these are major key designations predominantly.

The piece also shows sections with lowercase Roman numerals (i, iv, v) suggesting modulations to minor, but the home key appears to be major based on the predominant use of uppercase Roman numerals at cadential points (e.g., ""I|PAC}"" markings).

With 2 flats and the primary key being major, this corresponds to Bb major.

(3) final answer:",incorrect,correct,correct,,,,B,,
07-03,claude-sonnet-4-6,key_signature,D,a major,"I'll analyze the key signature step by step.

(1) Counting the sharps/flats:

Looking at the beginning of the staff (both treble and bass clef), I can see sharps on the staff. I count 3 sharps: F#, C#, and G#.

(2) Determining the key:

With 3 sharps (F#, C#, G#), the possible keys are:
- A major (relative major)
- F# minor (relative minor)

Now I need to determine whether this is major or minor. Looking at the harmonic analysis provided in the score:
- The piece begins with ""D.I{"" which suggests it opens with a Direct I (tonic) chord
- The Roman numeral analysis shows ""I"", ""I⁶"", ""V"", ""ii"", ""IV"" etc. — these are all diatonic to A major
- The analysis labels like ""V(4/6)|HC"" (half cadence on V) and ""I(4/7)|PAC"" (perfect authentic cadence on I) are consistent with A major
- The piece uses ""ii⁶"", ""IV⁶"", ""vi"" which are natural diatonic chords in A major
- There is no consistent use of raised 7th scale degree that would strongly suggest F# minor

The harmonic language, cadential patterns, and overall tonal center point to A major.

(3) final answer:",incorrect,correct,correct,,,,B,,
17-3,claude-sonnet-4-6,key_signature,d,bb major,"I'll analyze the key signature step by step.

(1) Counting the accidentals in the key signature:

Looking at the beginning of the staff at the opening of the score, I can see flats in the key signature. I see 2 flats: Bb and Eb.

(2) Determining the key:

With 2 flats (Bb and Eb), the possible keys are:
- Bb major
- G minor (the relative minor of Bb major)

Now I need to determine whether this is major or minor. Looking at the harmonic analysis provided throughout the score, I can see Roman numeral annotations such as:
- ""i"" (lowercase, indicating minor tonic)
- ""iv"" (lowercase, indicating minor subdominant)
- ""V⁷"" leading to ""i""
- The piece consistently uses lowercase Roman numerals for the tonic, which indicates a minor key

With 2 flats and a minor key, this corresponds to D minor — wait, let me reconsider. 2 flats = Bb major / G minor. But looking at the harmonic analysis more carefully, the annotations show ""i"", ""iv"", ""V"" patterns consistent with D minor... 

Actually, 2 flats gives us Bb major or G minor. But looking at the score again — the key signature has 2 flats (Bb and Eb). The relative minor of Bb major is G minor. The harmonic analysis consistently shows ""i"" as the tonic in minor, and given the context of Beethoven's Sonata No. 17 (the ""Tempest""), which is in D minor — but D minor has only 1 flat (Bb).

Re-examining: I see 2 flats: Bb and Eb, pointing to Bb major or G minor. Given the minor mode confirmed by the Roman numerals, this is G minor — but Beethoven's Op. 31 No. 2 is in D minor. Let me recount: I see 1 flat: Bb, which corresponds to F major or D minor.

With 1 flat (Bb) and the minor mode confirmed by the Roman numeral analysis, this is D minor.

(",incorrect,correct,correct,,,,B,,
23-2,claude-sonnet-4-6,key_signature,Db,f minor,"I'll analyze the key signature step by step.

(1) Counting the flats/sharps:

Looking at the beginning of the bass clef staff (which is clearly visible at the start of the piece), I can see flat symbols on the staff lines/spaces. I count:

- B♭
- E♭
- A♭
- D♭

I see 4 flats: B♭, E♭, A♭, and D♭.

(2) Determining the key:

With 4 flats (B♭, E♭, A♭, D♭), the major key would be A♭ major. The relative minor would be F minor.

To determine whether this is major or minor, I look at contextual clues:
- The harmonic analysis labels throughout the score show ""I"", ""IV"", ""V"", ""ii"", etc. — Roman numeral analysis consistent with a tonal center
- The piece begins with ""D.I{"" suggesting a tonic area
- Looking at the harmonic progressions, particularly the cadences marked ""I|PAC"" (Perfect Authentic Cadence on I)
- The piece is marked ""Andante con moto"" and ""e dolce""
- The harmonic analysis shows chords like ""Ger⁶"" (German augmented sixth), which is common in minor keys
- The presence of ""vii⁰"" chords and the overall harmonic language suggests minor mode
- The key of A♭ major has 4 flats, but F minor also has 4 flats

Given the frequent use of Ger⁶ chords, vii° chords, and the overall harmonic language pointing toward minor, this appears to be in A♭ minor — wait, A♭ minor would have 7 flats. With 4 flats and the minor-leaning harmonic language, this is F minor.

(3) final answer:",incorrect,correct,correct,,,,B,,
24-2,claude-sonnet-4-6,key_signature,F#,a minor,"I'll analyze the key signature step by step.

## Step 1: Count and name the sharps/flats

Looking at the beginning of the staff in the score, I can see sharps on the staff lines. The key signature appears to have 4 sharps: F#, C#, G#, and D#.

Wait, let me look more carefully. The score shows what appears to be 5 sharps: F#, C#, G#, D#, and A#.

Looking again at the image carefully, I can count the sharps in the key signature at the beginning of the piece. I see 4 sharps: F#, C#, G#, D#.

Actually, examining the score more carefully with the harmonic analysis provided (which includes references to ""F#.It⁶"" at the very beginning, and the Roman numeral analysis uses both major (I, IV, V) and minor (i) designations throughout), and counting the sharps carefully:

I see 4 sharps: F#, C#, G#, D#.

## Step 2: Determine the key

With 4 sharps (F#, C#, G#, D#):
- The major key with 4 sharps is E major
- The relative minor is C# minor

Looking at the harmonic analysis, the score begins with ""F#.It⁶"" which suggests F# is being treated as a tonic area, but the overall analysis shows extensive use of both major and minor (i and I), and the piece appears to be in F# minor (which would require... 3 sharps for its relative major A major... no).

F# minor has 3 sharps. But if I see 4 sharps, that's E major / C# minor.

Re-examining: The score uses ""i"" (minor tonic) extensively and references like ""V⁷/♭II"" suggesting a minor key. With the harmonic analysis starting with ""F#.It⁶"" and the prevalence of minor harmonies, and counting 4 sharps (F#, C#, G#, D#), this corresponds to E major or C# minor.

Given the minor character of much of the piece",incorrect,correct,correct,,,,B,,
26-2,claude-sonnet-4-6,key_signature,Eb,f minor,"I'll analyze the key signature step by step.

(1) Counting the flats/sharps in the key signature:

Looking at the beginning of the staff (both treble and bass clef), I can see flat symbols on the following lines/spaces:

I see 4 flats: Bb, Eb, Ab, and Db.

(2) Determining the key:

With 4 flats (Bb, Eb, Ab, Db), the order of flats follows the standard pattern: Bb, Eb, Ab, Db.

For major keys with 4 flats, the key is Ab major (the second-to-last flat, Ab, gives us the major key — or alternatively, the last flat Db is a half step above Ab major's tonic... using the standard rule: the second-to-last flat names the major key).

- 4 flats → Ab major, or its relative minor, F minor.

Now, looking at the harmonic analysis provided in the score, I can see Roman numeral labels such as ""i/iii,"" ""I/III,"" ""V⁷/iii,"" ""i/vi,"" etc. These are all expressed relative to various scale degrees, suggesting a tonic that is being referenced. 

The label at the very beginning reads ""E♭.vii°⁴₃(²)/III"" — indicating the home key is E♭. With 3 flats, E♭ major would have Bb, Eb, Ab — but we have 4 flats. However, looking more carefully at the analysis labels and the context of the movement (Sonata No. 26 in E♭ major, second movement), the second movement ""Abwesenheit"" is in C minor (the relative minor of E♭ major), which uses 3 flats... 

Re-examining: 4 flats = Ab major or F minor (relative minor). Given the Roman numeral analysis showing ""i"" as a minor tonic and the overall context, this movement is in F minor (4 flats: Bb, Eb, Ab, Db).

(3) final answer:",incorrect,correct,correct,,,,B,,
31-3,claude-sonnet-4-6,key_signature,Ab,f minor,"I'll analyze the key signature step by step.

(1) Counting the accidentals at the beginning of the staff:

Looking at the opening of the score (pages 1-2), I can see the treble and bass clefs at the beginning. The key signature shows flats on the staff. Let me count them carefully:

I see 4 flats: Bb, Eb, Ab, Db

(2) Determining the key:

With 4 flats (Bb, Eb, Ab, Db), the major key would be Ab major.

The relative minor of Ab major is F minor (a minor third below Ab).

Looking at the score for additional clues:
- The harmonic analysis labels shown in the score include symbols like ""i"", ""iv"", ""V"", ""♭III"", ""♭VI"" — these are minor key Roman numerals
- The piece begins with ""A♭.ii[ii{"" suggesting Ab is referenced as a tonicized area, but the primary analysis uses minor key numerals
- The frequent use of lowercase Roman numerals (i, iv, v) strongly suggests a minor key
- The label ""A♭.ii"" at the start suggests Ab is the II chord of the home key, which would make the home key... but looking more carefully, the analysis shows ""i"" as the tonic chord in minor

With 4 flats and minor key indicators throughout, this is Ab minor — wait, Ab minor has 7 flats. Let me reconsider.

With 4 flats, the minor key is F minor (relative minor of Ab major). The Roman numeral analysis confirms minor mode with ""i"" as tonic, and ♭III would be Ab, ♭VI would be Db — all consistent with F minor.

(3) final answer:

final answer: Ab minor

Wait - reconsidering: 4 flats = Ab major / F minor. The score uses minor numerals consistently. F minor has 4 flats. ✓

final answer: Ab minor

Hmm, Ab minor has 7 flats. 4 flats = F minor.",incorrect,correct,correct,,,,B,,
01-01,gemini-2.5-flash,key_signature,f,g minor,"(1) At the beginning of the staff, I see 2 flat symbols. The first flat is on B (B-flat), and the second flat is on E (E-flat). So, I see 2 flats: Bb and Eb.

(2) For key signatures with flats, the major key is the name of the second-to-last flat. In this case, with Bb and Eb, the second-to-last flat is Bb, so the major key is Bb Major. The relative minor key is a minor third below the major key. A minor third below Bb is G. Therefore, the relative minor key is G minor.
Looking at the first few measures of the music, the piece clearly establishes G minor, starting with a G minor chord and melodic material centered around G minor.

(3)",incorrect,correct,correct,,,,B,,
01-02,gemini-2.5-flash,key_signature,F,c minor,"(1) I see 3 flats: Bb, Eb, and Ab.

(2) For key signatures with flats, the major key is identified by the name of the second-to-last flat. In this case, the flats are Bb, Eb, Ab. The second-to-last flat is Eb, so the major key is E-flat Major (Eb Major). The relative minor key is a minor third below the major key. A minor third below Eb is C, so the relative minor key is C minor.
The Roman numeral analysis provided at the beginning of the score (e.g., ""F.V{ I(2) I"") indicates that the piece is in C minor.

(3)",incorrect,correct,correct,,,,B,,
01-03,gemini-2.5-flash,key_signature,f,c minor,"(1) I see 3 flats: Bb, Eb, and Ab.

(2) A key signature with three flats (Bb, Eb, Ab) corresponds to E-flat Major. The relative minor key is a minor third below E-flat, which is C minor. Looking at the beginning of the piece, the Roman numeral analysis starts with ""i"" and the chords clearly outline C minor (e.g., the first full chord in the bass clef is C-Eb-G). Therefore, the piece is in C minor.

(3)",incorrect,correct,correct,,,,B,,
01-04,gemini-2.5-flash,key_signature,f,bflat major,"(1) I see 2 flats: Bb and Eb.
(2) For flat key signatures, the major key is the name of the second to last flat. In this case, the second to last flat is Bb, so the major key is B-flat Major. The relative minor key is G minor (a minor third below Bb).
Looking at the first measure, the music clearly starts with a B-flat major chord (Bb-D-F in the right hand, Bb in the bass), establishing B-flat Major as the tonic.

(3)",incorrect,correct,correct,,,,B,,
02-01,gemini-2.5-flash,key_signature,A,d major,"(1) At the beginning of the staff, I see 2 sharp symbols. These are F# (F sharp) and C# (C sharp).

(2) To determine the major key from a sharp key signature, you go up a half step from the last sharp. The last sharp shown is C#. A half step above C# is D. Therefore, the major key is D major.
The relative minor key is a minor third below the major key. A minor third below D is B. Therefore, the relative minor key is B minor.

(3)",incorrect,correct,correct,,,,B,,
02-02,gemini-2.5-flash,key_signature,D,eb major,"(1) I see 3 flats: Bb, Eb, and Ab.
(2) For key signatures with flats, the major key is named after the second to last flat. In this case, the flats are Bb, Eb, Ab. The second to last flat is Eb. Therefore, the major key is Eb Major. The relative minor key is a minor third below Eb, which is C. So, the minor key is C minor.",incorrect,incorrect,correct,,,,B,,
03-04,gemini-2.5-flash,key_signature,C,g major,"(1) I see 1 sharp: F#.
(2) For a key signature with sharps, the major key is a half step above the last sharp. Since there is only one sharp, F#, the major key is G major. The relative minor key is a minor third below the major key, which in this case is E minor.
(3)",incorrect,incorrect,correct,,,,B,,
05-01,gemini-2.5-flash,key_signature,c,bb major,"(1) I see 2 flats: Bb and Eb.

(2) The key signature has two flats (Bb and Eb).
For key signatures with flats, the major key is identified by the second-to-last flat. In this case, the second-to-last flat is Bb, so the major key is Bb Major.
The relative minor key is a minor third below the major key. A minor third below Bb is G, so the relative minor is G minor.
Looking at the first measure, the piece begins with a clear Bb major chord (Bb-D-F in the right hand, Bb in the bass), strongly suggesting Bb Major as the tonic.

(3)",incorrect,correct,correct,,,,B,,
05-02,gemini-2.5-flash,key_signature,Ab,a minor,"(1) I see 0 sharps or flats in the key signature.
(2) A key signature with no sharps or flats corresponds to either C Major or A minor. Looking at the first measure of the piece, the harmony clearly outlines an A minor chord (A-C-E). The bass starts on A, and the treble arpeggiates A minor. Therefore, the key is A minor.
(3)",incorrect,incorrect,correct,,,,B,,
06-01,gemini-2.5-flash,key_signature,F,c major,"(1) I see 0 sharps or flats in the key signature at the beginning of the staff.

(2) A key signature with no sharps or flats corresponds to either C Major or its relative minor, A minor.
Looking at the first few measures of the music:
   The first chord in measure 1 is a C major triad (C-E-G).
   The melodic material in the right hand in the first measure outlines a C major arpeggio (C-G-C, G-C-E).
   The overall harmonic progression in the opening measures strongly suggests a C major tonality.

Based on this musical context, the key is C Major.

(3)",incorrect,incorrect,correct,,,,B,,
06-02,gemini-2.5-flash,key_signature,f,bb major,"(1) I see 2 flats: Bb and Eb.
(2) A key signature with two flats (Bb and Eb) corresponds to Bb Major or its relative minor, G minor.",incorrect,correct,correct,,,,B,,
06-03,gemini-2.5-flash,key_signature,F,bflat major,"(1) At the beginning of the staff, I see two flat symbols (♭).
   One flat is on the B line/space, indicating B♭.
   The other flat is on the E line/space, indicating E♭.
So, I see 2 flats: B♭ and E♭.

(2) Based on the accidentals identified:
   For key signatures with flats, the major key is determined by the second-to-last flat in the signature. Since the flats are B♭ and E♭, the second-to-last flat is B♭. Therefore, the major key is B-flat Major (B♭ Major).
   The relative minor key is a minor third below the major key. A minor third below B♭ is G. Therefore, the relative minor key is G minor.
   Looking at the first few measures of the score, the harmony starts with an F major chord (F-A-C), which is the dominant (V) in B-flat Major. In the second measure, a B-flat major chord (B♭-D-F) appears, and it is labeled with the Roman numeral ""I"", strongly indicating that B-flat Major is the tonic key.

(3)",incorrect,correct,correct,,,,B,,
07-01,gemini-2.5-flash,key_signature,D,a major,"(1) I see 3 sharps: F#, C#, and G#.

(2) The key signature has three sharps (F#, C#, G#). For sharp key signatures, the major key is a half step above the last sharp. The last sharp in this signature is G#. A half step above G# is A. Therefore, this key signature corresponds to A major. The relative minor key would be F# minor.

(3)",incorrect,correct,correct,,,,B,,
07-02,gemini-2.5-flash,key_signature,d,d major,"Here's a step-by-step analysis of the key signature:

(1) Look at the beginning of the staff. Count and name every sharp or flat symbol shown in the key signature. List them explicitly.
I see 2 sharps: F# and C#.

(2) Based on the accidentals you identified, determine which major or minor key this corresponds to. Show your reasoning.
A key signature with two sharps (F# and C#) corresponds to:
   D major: The last sharp (C#) is the leading tone of D.
   B minor: This is the relative minor of D major (three half steps below D).

While the title ""Largo e mesto"" (slow and mournful) and the Roman numeral analysis (e.g., ""d.i{"", ""i|PAC}"") strongly suggest that the piece is in D minor, the key signature itself (F# and C#) is that of D major or B minor. In historical practice, it was common for pieces in a minor key to use the key signature of their parallel major. Therefore, although the piece is in D minor, the key signature corresponds to D major.

(3) State your final answer.",incorrect,incorrect,correct,,,,B,,
07-03,gemini-2.5-flash,key_signature,D,e major,"(1) I see 4 sharps: F#, C#, G#, and D#.
(2) The order of sharps is F#, C#, G#, D#, A#, E#, B#. With 4 sharps (F#, C#, G#, D#), the major key is found by going up a half step from the last sharp. The last sharp is D#, so a half step up is E. Therefore, the major key is E Major. The relative minor key is C# minor. The Roman numeral analysis begins with D.I{, which is V/V, indicating that the tonic is E. The first measure also clearly outlines an E major chord.
(3)",incorrect,correct,correct,,,,B,,
08-02,gemini-2.5-flash,key_signature,Ab,eb major,"(1) I see 3 flats: Bb, Eb, and Ab.

(2) For key signatures with flats, the name of the major key is the second to last flat in the signature. In this case, the flats are Bb, Eb, Ab. The second to last flat is Eb, so the major key is Eb Major. The relative minor key is a minor third below Eb, which is C minor.

(3) The title of the piece is ""Sonata no. 8 'Pathetique' 2. Adagio cantabile"". The first movement of the Pathetique Sonata is in C minor. The second movement, Adagio cantabile, is typically in the relative major, which is Eb Major. The initial chords and melodic lines in the score strongly suggest Eb Major as the tonic.",incorrect,correct,correct,,,,B,,
08-03,gemini-2.5-flash,key_signature,c,g minor,"(1) I see 2 flats: Bb and Eb.

(2) A key signature with two flats (Bb and Eb) corresponds to either Bb Major or its relative minor, G minor.
Looking at the beginning of the score:
   The first chord in measure 1 is a G minor chord (G, Bb, D).
   The Roman numeral analysis below the staff consistently labels the tonic chord as ""i"" (e.g., ""c.i{"", ""i(97)"", ""i"", ""i6""). The ""i"" symbol denotes a minor tonic chord.
These clues strongly indicate that the piece is in a minor key. Therefore, based on the key signature of two flats, the key is G minor.

(3)",incorrect,correct,correct,,,,B,,
09-02,gemini-2.5-flash,key_signature,e,c major,"(1) I see 0 sharps or flats in the key signature at the beginning of the staff.

(2) A key signature with no sharps or flats corresponds to either C Major or its relative minor, A minor.

(3)",incorrect,incorrect,incorrect,,,,C,,
10-1,gemini-2.5-flash,key_signature,G,a major,"(1) I see 3 sharps: F#, C#, and G#.

(2) To determine the major key from a key signature with sharps, you go up a half step from the last sharp. The last sharp in this key signature is G#. A half step up from G# is A. Therefore, the major key is A major.
The relative minor key is three half steps below the major key. Three half steps below A is F#. Therefore, the minor key is F# minor.

(3)",incorrect,correct,correct,,,,B,,
10-3,gemini-2.5-flash,key_signature,G,d major,"(1) I see 2 sharps: F# and C#.
(2) For key signatures with sharps, the major key is a half step above the last sharp. The last sharp is C#, so a half step above C# is D. Therefore, the major key is D major. The relative minor key is a minor third below the major key. A minor third below D is B. Therefore, the relative minor key is B minor.
(3) The key signature corresponds to D major or B minor.",incorrect,correct,correct,,,,B,,
16-3,gemini-2.5-flash,key_signature,G,a major,"(1) I see 3 sharps in the key signature: F#, C#, and G#.

(2) Based on the three sharps (F#, C#, G#), the major key is found by going up a half step from the last sharp (G#), which leads to A. Therefore, the major key is A major. The relative minor key is a minor third below A major, which is F# minor.

(3) The opening measures of the piece (e.g., the prominent A major chords in the left hand and E major chords in the right hand) strongly suggest A major as the primary key.",incorrect,correct,correct,,,,B,,
17-1,gemini-2.5-flash,key_signature,d,c major,"(1) I see no sharps or flats in the key signature.
(2) An empty key signature corresponds to either C major or A minor. Looking at the first few measures of the piece, the harmony clearly establishes C major, with prominent C major and G major chords.
(3) The key is C major.",incorrect,incorrect,correct,,,,B,,
17-2,gemini-2.5-flash,key_signature,Bb,c major,"(1) I see 0 sharps and 0 flats in the key signature.

(2) A key signature with no sharps or flats corresponds to C Major or its relative minor, A minor. Looking at the first few measures, the harmony predominantly features C major chords (e.g., G-C-E in the bass and right hand in measures 1-7), strongly indicating C Major as the key for this movement.

(3)",incorrect,incorrect,correct,,,,B,,
17-3,gemini-2.5-flash,key_signature,d,c major,"(1) I see 0 sharps or flats in the key signature.

(2) A key signature with no sharps or flats corresponds to C major. The relative minor of C major is A minor. Therefore, based on the key signature shown, the piece could be in C major or A minor. (Note: In historical notation, D minor was often written with no key signature, with B-flat and C-sharp added as accidentals throughout the piece. While the piece is indeed in D minor, the key signature as shown corresponds to C major or A minor.)

(3)",incorrect,incorrect,incorrect,,,,C,,
18-1,gemini-2.5-flash,key_signature,Eb,ab major,"(1) I see 4 flats: Bb, Eb, Ab, and Db.

(2) For flat key signatures, the major key is the name of the second-to-last flat. In this case, the flats are Bb, Eb, Ab, Db. The second-to-last flat is Ab. Therefore, the major key is Ab Major. The relative minor key is F minor (a minor third below Ab).
Looking at the first few measures, the piece clearly begins with an Ab major chord (Ab-C-Eb) in both hands, establishing Ab Major as the tonic.

(3)",incorrect,correct,correct,,,,B,,
18-2,gemini-2.5-flash,key_signature,Ab,bb major,"(1) I see 2 flats: Bb and Eb.

(2) The rule for key signatures with flats (except for F major) is that the major key is named after the second to last flat. In this case, the flats are Bb and Eb, so the second to last flat is Bb. Therefore, the major key is Bb Major. The relative minor key is G minor (three half steps below Bb). Looking at the first few measures, the piece begins with a Bb major chord and clearly establishes Bb major harmony, indicating that Bb Major is the primary key.

(3)",incorrect,correct,correct,,,,B,,
18-3,gemini-2.5-flash,key_signature,Eb,c minor,"(1) At the beginning of the staff, I see 2 flat symbols. The first flat is on the B line, indicating B-flat (Bb). The second flat is on the E space, indicating E-flat (Eb). So, I see 2 flats: Bb and Eb.

(2) A key signature with 2 flats (Bb and Eb) corresponds to either Eb Major or its relative minor, C minor.
Looking at the first measure, the piece begins with a C minor chord (C-Eb-G). The overall harmonic language and common cadences throughout the piece (e.g., G7 chords resolving to C minor) strongly suggest C minor as the tonic.

(3)",incorrect,correct,correct,,,,B,,
18-4,gemini-2.5-flash,key_signature,Eb,g minor,"(1) I see 2 flats: Bb and Eb.
(2) A key signature with two flats (Bb and Eb) corresponds to either Bb Major or its relative minor, G minor.
Looking at the first measure of the music, the bass note is G, and the chord appears to be G minor (G-Bb-D). The Roman numeral analysis also indicates ""I"" (tonic) in G minor. This strongly suggests the key is G minor.
(3)",incorrect,correct,correct,,,,B,,
19-2,gemini-2.5-flash,key_signature,G,c major,"(1) I see 0 sharps or flats in the key signature.
(2) A key signature with no sharps or flats corresponds to either C Major or A minor.
Looking at the beginning of the piece, the first full measure ends on a C major chord (I). The Roman numeral analysis starts with G.V{ and proceeds with harmonies typical of C major.
Looking at the very end of the piece (measure 164), the final chord is a C major chord, and the Roman numeral analysis concludes with I]|PAC}, which stands for an authentic cadence resolving to the tonic (I).
Therefore, the key is C Major.

(3)",incorrect,incorrect,correct,,,,B,,
20-1,gemini-2.5-flash,key_signature,G,c major,"(1) I see no sharps or flats in the key signature.
(2) A key signature with no sharps or flats corresponds to either C Major or A minor.
Looking at the beginning of the piece, the first chord is labeled G.I{, which implies a G major chord (V in C major). The melody starts on G.
Looking at the end of the piece (measure 122), the final chord is a C major chord (C-E-G) in both hands, and it's labeled I|PAC (Perfect Authentic Cadence on the tonic). This strongly indicates C Major.
(3)",incorrect,incorrect,correct,,,,B,,
21-2,gemini-2.5-flash,key_signature,F,c major,"(1) I see no sharp or flat symbols shown in the key signature for either the treble or bass clef.

(2) A key signature with no sharps or flats corresponds to either C Major or A minor. While the piece itself is known to be in C Major, based solely on the key signature, both C Major and A minor are possibilities.

(3)",incorrect,incorrect,incorrect,,,,B,,
23-1,gemini-2.5-flash,key_signature,f,c minor,"(1) I see 3 flats: Bb, Eb, and Ab.

(2) For key signatures with flats, the major key is the name of the second-to-last flat. In this case, the flats are Bb, Eb, Ab, so the second-to-last flat is Eb. Therefore, the major key is Eb Major. The relative minor key is a minor third below the major key. A minor third below Eb is C. So, the relative minor is C minor.
Looking at the first few measures of the music, the initial chords and harmonic analysis labels (e.g., ""i"", ""V6"", ""vii°/V"") strongly indicate C minor as the tonic key.

(3)",incorrect,correct,correct,,,,B,,
23-2,gemini-2.5-flash,key_signature,Db,bflat major,"(1) I see 2 flats: Bb and Eb.
(2) For flat key signatures, the major key is the name of the second to last flat. In this case, the second to last flat is Bb, so the major key is B-flat Major. The relative minor key is a minor third below B-flat, which is G minor. Given the initial chords and the overall harmonic language, B-flat Major is the primary key.
(3)",incorrect,correct,correct,,,,B,,
23-3,gemini-2.5-flash,key_signature,f,eb major,"(1) I see 3 flats: Bb, Eb, and Ab.

(2) The presence of three flats (Bb, Eb, Ab) in the key signature indicates either Eb Major or its relative minor, C minor.
Looking at the beginning of the piece:
   The first chord played by the left hand is an Eb major triad (Eb-G-Bb).
   The right hand melody in the first measure outlines an Eb major arpeggio (Bb-G-Eb).
   The dynamic marking ""ff"" (fortissimo) emphasizes this strong initial statement of the Eb major chord.
These elements strongly suggest that the piece is in Eb Major.

(3)",incorrect,correct,correct,,,,B,,
24-1,gemini-2.5-flash,key_signature,F#,b major,"(1) I see 5 sharps in the key signature: F#, C#, G#, D#, and A#.

(2) A key signature with 5 sharps corresponds to B major or its relative minor, G# minor. The last sharp in the order of sharps is A#. Going up a half step from A# gives B, so the major key is B major. The relative minor is a minor third below B, which is G# minor.
Looking at the first measure of the piece, the right hand plays a B major chord (B-D#-F#) and the left hand plays B. The Roman numeral analysis also indicates ""I"" (tonic) in B major. This strongly suggests the key is B major.

(3)",incorrect,correct,correct,,,,B,,
26-2,gemini-2.5-flash,key_signature,Eb,c minor,"(1) I see 3 flats: Bb, Eb, and Ab.

(2) The key signature with three flats (Bb, Eb, Ab) corresponds to Eb Major. The relative minor key is C minor, which is a minor third below Eb Major. Looking at the first measure of the music, the chords clearly outline C minor (C-Eb-G). Therefore, the key is C minor.

(3)",correct,correct,incorrect,,,,A,,
26-3,gemini-2.5-flash,key_signature,Eb,bflat major,"(1) I see 2 flats: B♭ and E♭.

(2) For key signatures with flats, the major key is identified by the name of the second-to-last flat. In this case, the second-to-last flat is B♭, so the major key is B-flat Major. The relative minor key is G minor (a minor third below B-flat Major).
Considering the initial harmonies in the score, the first measure features a B-flat major chord (B♭-F in the left hand, F-A-C in the right hand, outlining an F major chord which is the dominant of B-flat) and subsequent measures continue to emphasize B-flat as the tonic, strongly suggesting B-flat Major.

(3)",incorrect,correct,correct,,,,B,,
30-2,gemini-2.5-flash,key_signature,e,c major,"(1) I see no sharps or flats in the key signature at the beginning of the staff.

(2) A key signature with no sharps or flats corresponds to either C major or A minor. To determine which of these two keys the piece is in, I will examine the opening and closing harmonies, as well as the overall harmonic tendencies.

   Opening Harmony: The piece begins in measure 1 with a clear C major chord (C-E-G) in both hands. The subsequent chords in measure 1 are G major (G-B-D), C major (C-E-G), and F major (F-A-C). This progression (I-V-I-IV) is a very strong indicator of C major.
   Closing Harmony: The piece concludes in measure 174 with a C major chord (C-E-G).
   Leading Tone: In A minor, the leading tone (G#) would frequently appear, especially in dominant chords (E major). However, G natural is consistently used in the early measures (e.g., measure 1, measure 7), and there is no prominent G# to suggest A minor.

Based on the strong C major opening, the C major closing, and the absence of a consistent leading tone for A minor, the piece is in C major.

(3)",incorrect,incorrect,correct,,,,B,,
31-1,gemini-2.5-flash,key_signature,Ab,c minor,"(1) Looking at the beginning of the staff, I see 3 flat symbols:
   One flat on the B line (B♭).
   One flat on the E space (E♭).
   One flat on the A space (A♭).

(2) Based on these 3 accidentals (B♭, E♭, A♭):
   Major Key: For key signatures with flats, the major key is the name of the second-to-last flat. In this case, the flats are B♭, E♭, A♭. The second-to-last flat is E♭. Therefore, the major key is E♭ Major.
   Minor Key: The relative minor key is a minor third below the major key. A minor third below E♭ is C. Therefore, the relative minor key is C minor.

To determine whether the piece is in E♭ Major or C minor, I will look at the opening harmony:
   The first chord in measure 1 is E♭-G-B♭, which is an E♭ major triad.
   In measure 3, there is a G major chord (G-B♭-D). This chord is the dominant (V) of C minor.
   In measure 4, there is an A♭ major chord (A♭-C-E♭). This chord is the submediant (VI) of C minor.
The strong presence of the dominant (G major) and submediant (A♭ major) chords, which are diatonic to C minor, suggests that C minor is the prevailing key. While the piece starts on an E♭ major chord, this functions as the mediant (III) in C minor, which is a common starting point for pieces in a minor key.",incorrect,correct,correct,,,,B,,
31-2,gemini-2.5-flash,key_signature,f,eb major,"(1) I see 3 flats: Bb, Eb, and Ab.

(2) A key signature with three flats (Bb, Eb, Ab) corresponds to either E-flat Major (Eb Major) or its relative minor, C minor.
To determine which of these is the most likely key, I will look at the opening measures of the music:
   Measure 1: The right hand plays a G-Bb-Eb chord, which is an Eb major chord in first inversion. The left hand plays a G-flat, which is a chromatic alteration but doesn't change the fundamental key signature.
   Measure 2: The right hand plays an F-Ab-C chord, which is an F minor chord (the supertonic, ii, in Eb Major).
   Measure 3: The right hand plays a G-Bb-Eb chord (Eb Major, I).
   Measure 5: The right hand plays an Eb-G-Bb chord (Eb Major, I).
   Measure 6: The right hand plays a D-F-Ab chord, which is a D diminished chord (the leading-tone diminished chord, vii°, in Eb Major).

The consistent presence of Eb major chords as the tonic (I) and the use of chords diatonic to Eb Major (ii, vii°) strongly suggest that the key is Eb Major. There is no clear establishment of C minor as the tonic, nor is there a prominent B natural (the leading tone of C minor) in the opening measures.

(3)",incorrect,correct,correct,,,,B,,
31-3,gemini-2.5-flash,key_signature,Ab,c minor,"(1) I see 3 flats: Bb, Eb, and Ab.
(2) For key signatures with flats, the major key is the name of the second-to-last flat. In this case, the flats are Bb, Eb, Ab, so the second-to-last flat is Eb. Therefore, the major key is Eb Major. The relative minor key is a minor third below Eb, which is C. So, the minor key is C minor.
(3) The piece is titled ""Sonata no. 31"", which is Beethoven's Piano Sonata No. 31 in Ab Major, Op. 110. However, the third movement (Adagio ma non troppo - Allegro ma non troppo) starts in C minor, which is the relative minor of Eb Major. The key signature shown (3 flats) corresponds to Eb Major or C minor. Given the context of the movement starting in C minor, C minor is the more likely key for this specific excerpt.",incorrect,correct,correct,,,,B,,
32-1,gemini-2.5-flash,key_signature,c,bb major,"(1) I see 2 flats: Bb and Eb.

(2) For key signatures with flats, the major key is the second to last flat in the signature. In this case, the flats are Bb and Eb, so the second to last flat is Bb. Therefore, the major key is Bb Major. The relative minor key is G minor (a minor third below Bb).
The piece begins with a clear Bb major chord (Bb-D-F) in both hands, strongly suggesting Bb Major.

(3)",incorrect,correct,correct,,,,B,,
01-02,gpt-5.4,key_signature,F,d minor,"(1) At the beginning of the staff, I see 1 flat in the key signature: B♭.

(2) A key signature with one flat can indicate either F major or D minor.  
To decide between them, I look at the musical context: the piece begins and cadences around D and uses harmony consistent with D minor, so the minor interpretation fits.

(3) Therefore, the key is D minor.",correct,correct,incorrect,,,,A,,
02-02,gpt-5.4,key_signature,D,b minor,"(1) At the beginning of the staff, I see 2 sharps in the key signature: F♯ and C♯.

(2) A key signature with 2 sharps corresponds to either:
- D major
- B minor

To decide between them, look at the musical context. The score begins and cadences around B as the tonal center, and the harmony labeling also supports minor-mode function. So this points to B minor, not D major.

(3) Therefore, the key is B minor.",correct,correct,incorrect,,,,A,,
02-03,gpt-5.4,key_signature,A,f♯ minor,"(1) At the beginning of the staff, I see 3 sharps in the key signature: F♯, C♯, and G♯.

(2) A key signature of 3 sharps corresponds to A major or F♯ minor.  
To decide between them, look at the musical context: the piece begins and cadences around F♯ minor harmony rather than A major. So the key is F♯ minor.

(3) Therefore, the key signature corresponds to F♯ minor.",correct,correct,incorrect,,,,A,,
03-03,gpt-5.4,key_signature,C,d minor,"(1) At the beginning of the staff, I see 1 flat in the key signature: B♭.

(2) A key signature with one flat corresponds to either:
- F major, or
- D minor.

To decide between them, look at the musical context. This Beethoven scherzo begins and cadences around D and uses minor-mode harmony, so the key is D minor rather than F major.

(3) Therefore, the key is D minor.",incorrect,incorrect,correct,,,,B,,
07-01,gpt-5.4,key_signature,D,b minor,"(1) At the beginning of the staff, I see 2 sharps in the key signature: F♯ and C♯.

(2) A key signature with 2 sharps corresponds to either:
- D major
- B minor

To decide between them, look at the opening harmony and melodic focus. On page 1, the piece begins and cadences around B as the tonal center, and the harmonic labeling also supports B minor rather than D major.

(3) Therefore, the key is B minor.",correct,correct,incorrect,,,,A,,
10-2,gpt-5.4,key_signature,C,f major,"(1) At the beginning of the staff, I see 1 flat in the key signature: B♭.

(2) A key signature with 1 flat corresponds to either:
- F major, or
- D minor.

To decide between them, I look at the opening harmony and melodic context. On page 1, the analysis under the first measures labels the opening as I, and the music centers on F rather than D. That means the tonic is F, so the piece is in the major key with one flat.

(3) Therefore, the key is F major.",incorrect,incorrect,correct,,,,B,,
16-2,gpt-5.4,key_signature,C,g major,"(1) At the beginning of the staff, I see 1 sharp in the key signature: F♯.

(2) A key signature with one sharp corresponds to either:
- G major, or
- E minor.

To decide between them, look at the opening harmony and melodic emphasis. The piece begins centered on G, and the harmonic labeling at the start shows I as the tonic sonority, indicating a major-mode tonic rather than E minor. So this key is G major.

(3) Therefore, the key signature corresponds to G major.",incorrect,incorrect,correct,,,,B,,
18-2,gpt-5.4,key_signature,Ab,f minor,"(1) At the beginning of the staff, I see 4 flats in the key signature: B♭, E♭, A♭, and D♭.

(2) A key signature with 4 flats corresponds to A♭ major or its relative minor, F minor.  
To decide between them, look at the opening harmony and melodic emphasis: the piece begins centered on F and the harmonic labeling at the start indicates A♭: I, meaning the movement is in A-flat major notation context overall, but the actual sounding opening and tonal center of this scherzo are in F minor, the relative minor of A♭ major. Beethoven’s Sonata No. 18, second movement, is indeed in F minor.

(3) Therefore, the key is:",correct,correct,incorrect,,,,A,,
24-1,gpt-5.4,key_signature,F#,b major,"(1) At the beginning of the staff, I see 5 sharps in the key signature. They are:

- F♯
- C♯
- G♯
- D♯
- A♯

(2) A key signature with 5 sharps corresponds to either:

- B major (major key), or
- G♯ minor (relative minor)

To decide between them, look at the musical context at the opening. The piece begins and centers on F♯ major harmony and quickly confirms that tonal area, which fits B major as the governing key much better than G♯ minor.

(3) Therefore, the key is:",incorrect,correct,correct,,,,B,,
26-2,gpt-5.4,key_signature,Eb,c minor,"(1) At the beginning of the staff, I see 3 flats in the key signature: B♭, E♭, and A♭.

(2) A key signature with 3 flats corresponds to either E♭ major or C minor.  
To decide between them, I look at the piece’s tonal context. This movement from Beethoven’s Les Adieux (“Abwesenheit”) is in C minor, which is the relative minor of E♭ major.

(3) Therefore, the key is C minor.",correct,correct,correct,,,,A,,
31-3,gpt-5.4,key_signature,Ab,bflat minor,"(1) At the very beginning of the score, the key signature shows 5 flats. They are:

- B♭
- E♭
- A♭
- D♭
- G♭

(2) A key signature of 5 flats corresponds to either:

- D♭ major, or
- B♭ minor

To decide between them, look at the musical context at the opening. The movement begins and centers on F as a tonic area, but very quickly the notation and harmonic language indicate this is the enharmonic notation of Beethoven’s Op. 110 finale opening in A♭ minor / moving toward fugal regions, and the visible key signature itself at the start of this excerpt is the standard 5-flat signature, which in conventional key-signature identification corresponds to D♭ major / B♭ minor. Since the opening sonority and minor-mode behavior point to the minor option, the corresponding key is B♭ minor.

(3) Therefore, the key signature corresponds to B♭ minor.",correct,correct,correct,,,,B,,
07-03,claude-sonnet-4-6,time_signature,3/4,3/2,"I'll analyze the time signature step by step.

(1) Identifying the time signature symbol:

Looking at the beginning of the staff, after the treble clef and the key signature (which has sharps), I can see two numbers stacked vertically. The numbers appear to be 3 on top and 4 on the bottom... 

Wait, let me look more carefully. The score shows what appears to be 3/4 at the start — but looking at the bass clef line at the beginning, I can see the numbers more clearly. The stacked numbers show 3 on top and 2 on the bottom, giving us 3/2.

Actually, re-examining: The time signature at the beginning of the piece shows 3 over 4, but the note values used (half notes, dotted half notes predominating) and the bar lengths suggest 3/2. Looking at the symbol carefully at the start of the score, I can see 3 on top and 2 on the bottom.

(2) What the numbers represent:

- Top number (3): There are 3 beats per measure
- Bottom number (2): The half note (minim) gets one beat

(3) final answer:

The time signature is 3/2, meaning three half-note beats per measure. This is consistent with the predominantly half-note and dotted-half-note rhythmic patterns visible throughout the score.",,,,correct,incorrect,incorrect,B,the initial answer is correct but somehow it corrects itself ,
11-3,claude-sonnet-4-6,time_signature,3/4,3/2,"I'll analyze the time signature step by step.

(1) Identifying the time signature symbol:

At the beginning of the staff, after the treble clef and the key signature (two flats), I can see two numbers stacked vertically: a 3 on top and a 2 on the bottom, giving us 3/2.

Wait, let me look more carefully. The score shows what appears to be 3 over 2 at the start of the first system for both the treble and bass clef staves.

Actually, looking at the beginning of the piece, I see the time signature shows 3 on top and 2 on the bottom = 3/2.

(2) What the numbers represent:

- Top number (3): There are 3 beats per measure
- Bottom number (2): The half note (minim) gets one beat (2 = half note)

So each measure contains 3 half-note beats.

(3) final answer:

The time signature is 3/2.",,,,correct,incorrect,incorrect,B,the initial answer is correct but somehow it corrects itself ,
13-1,claude-sonnet-4-6,time_signature,2/2,4/4,"I'll analyze the time signature step by step.

(1) Identifying the time signature symbol:

Looking at the beginning of the first staff (the Andante movement), after the treble clef and the key signature (which has flats), I can see the time signature symbol. It appears as a ""C"" symbol, which is the common time symbol, equivalent to 4/4. However, looking more carefully at the score, I can see what appears to be a cut common time or a ""C"" with a vertical line — but examining the notation more carefully, the symbol at the start of the Andante appears to be the common time ""C"" symbol (4/4).

(2) What the numbers represent:

The common time symbol ""C"" represents 4/4 time:
- The top number 4 means there are 4 beats per measure
- The bottom number 4 means the quarter note receives one beat

(3) final answer:

The time signature at the opening of the Andante movement is common time (4/4), with 4 quarter-note beats per measure.",,,,incorrect,incorrect,incorrect,B,,
13-4,claude-sonnet-4-6,time_signature,2/4,2/2,"I'll analyze the time signature step by step.

(1) Identifying the time signature symbol:

Looking at the beginning of the score (page 1), after the treble clef and the key signature (which has flats), I can see two numbers stacked vertically. The numbers appear to be 2 on top and 2 on the bottom, giving a ""cut time"" or 2/2 appearance. However, looking more carefully at the score, the stacked numbers show 2 over 2.

Wait, let me look again more carefully. The score shows what appears to be 2 on top and 2 on the bottom in the treble clef staff at the very beginning.

(2) What the numbers represent:

- The top number (2) indicates there are 2 beats per measure
- The bottom number (2) indicates that a half note gets one beat (2 = half note)

This is 2/2 time (also known as ""alla breve"" or cut time), meaning two half-note beats per measure.

(3) final answer:

The time signature at the beginning of this Allegro vivace movement is 2/2.",,,,correct,incorrect,incorrect,B,,
29-4,claude-sonnet-4-6,time_signature,4/4,12/32,"I'll analyze the time signature step by step.

(1) Identifying the time signature symbol:

Looking at the beginning of the score (page 1), after the treble clef and the key signature (two flats, indicating B♭ major or G minor), I can see the time signature. The Largo introduction begins with what appears to be a 12/32 time signature indicated by the tempo marking ""Per la misura si conta nel largo sempre quattro semicrome"" (meaning ""for the measure, count always four sixteenth notes in the largo""). However, looking at the actual notated symbol at the start of the staff, I can see stacked numbers.

Looking more carefully at the score, the opening Largo section shows what appears to be 12/32 or similar, but the standard notation visible shows a C (common time = 4/4) at the start of the Allegro section on page 2.

For the opening Largo section, examining the stacked numbers carefully after the key signature, the time signature appears to be 12/32 based on Beethoven's instruction about counting four sixteenth notes per beat.

(2) What the numbers represent:

- The top number indicates the number of beats per measure
- The bottom number indicates the note value that receives one beat

(3) final answer:

Looking at the Allegro risoluto fugue section (page 4), which begins in 3/4 time (three quarter notes per measure), and the opening Largo which uses 12/32.

The primary/opening time signature of this movement is 12/32.",,,,incorrect,incorrect,incorrect,B,,
01-01,gemini-2.5-flash,time_signature,2/2,4/4,"(1) At the beginning of the staff, after the treble and bass clefs and the key signature (three flats), I see the numbers ""4"" stacked above ""4"".
(2) The top number, ""4"", indicates that there are four beats in each measure. The bottom number, ""4"", indicates that a quarter note receives one beat.
(3) Therefore, the time signature is 4/4.",,,,incorrect,incorrect,incorrect,B,,
01-02,gemini-2.5-flash,time_signature,3/4,2/4,"(1) At the beginning of the staff, after the clef and key signature, I see the numbers 2 stacked above 4.
(2) The top number, 2, indicates that there are two beats per bar. The bottom number, 4, indicates that a quarter note (crotchet) receives one beat.
(3) The time signature is 2/4.",,,,incorrect,correct,incorrect,B,,
01-04,gemini-2.5-flash,time_signature,2/2,4/4,"(1) At the beginning of the staff, after the treble clef, bass clef, and key signature (four flats), I see the time signature symbol consisting of two numbers stacked vertically: 4 over 4.

(2) The top number, 4, indicates that there are four beats in each measure. The bottom number, 4, indicates that a quarter note receives one beat.

(3) Therefore, the time signature is 4/4.",,,,incorrect,incorrect,incorrect,B,,
02-02,gemini-2.5-flash,time_signature,3/4,2/4,"(1) At the beginning of the staff, after the treble clef and the key signature (three flats), I see the numbers '2' stacked above '4'.
(2) The top number, '2', indicates that there are two beats per bar. The bottom number, '4', indicates that a quarter note (crotchet) receives one beat.
(3) The time signature is 2/4.",,,,incorrect,correct,incorrect,B,,
02-03,gemini-2.5-flash,time_signature,3/4,2/4,"(1) At the beginning of the staff, after the clef and key signature, I see the numbers '2' stacked vertically above '4'.
(2) The top number, '2', indicates that there are two beats per bar. The bottom number, '4', indicates that a quarter note (crotchet) receives one beat.
(3) The time signature is 2/4.",,,,incorrect,correct,incorrect,B,,
04-02,gemini-2.5-flash,time_signature,3/4,2/4,"(1) At the beginning of the staff, after the treble clef and the key signature (which has three flats), I see two numbers stacked vertically: 2 over 4.
(2) The top number, 2, indicates that there are 2 beats per bar. The bottom number, 4, indicates that a quarter note (crotchet) receives one beat.
(3) The time signature is 2/4.",,,,incorrect,correct,incorrect,B,,
04-03,gemini-2.5-flash,time_signature,3/4,3/8,"(1) At the beginning of the staff, after the treble clef and the key signature (one flat), I see two numbers stacked vertically: 3 over 8.

(2) The top number, 3, indicates that there are three beats in each bar. The bottom number, 8, indicates that an eighth note (quaver) receives one beat.

(3) Therefore, the time signature is 3/8.",,,,correct,incorrect,incorrect,B,,
05-01,gemini-2.5-flash,time_signature,3/4,4/8,"(1) At the beginning of the staff, after the treble clef and the key signature (three flats), I see two numbers stacked vertically: 4 over 8.
(2) The top number, 4, indicates that there are four beats per bar. The bottom number, 8, indicates that an eighth note (quaver) receives one beat.
(3) The time signature is 4/8.",,,,incorrect,incorrect,incorrect,B,,
05-03,gemini-2.5-flash,time_signature,4/4,2/2,"(1) At the beginning of the staff, after the clef and key signature, I see the time signature symbol consisting of two numbers stacked vertically: 2 over 2.
(2) The top number, 2, indicates that there are two beats per bar. The bottom number, 2, indicates that a half note (minim) receives one beat. This is also known as alla breve.
(3) The time signature is 2/2.",,,,incorrect,incorrect,incorrect,B,,
07-03,gemini-2.5-flash,time_signature,3/4,4/4,"(1) At the beginning of the staff, after the clef and key signature, I see the numbers 4 stacked above 4.
(2) The top number, 4, indicates that there are four beats per bar. The bottom number, 4, indicates that a quarter note receives one beat.
(3)",,,,incorrect,correct,incorrect,B,,
07-04,gemini-2.5-flash,time_signature,4/4,2/4,"(1) At the beginning of the staff, after the clef and key signature, I see the time signature symbol of two numbers stacked vertically: 2 over 4.
(2) The top number, 2, indicates that there are two beats per bar (measure). The bottom number, 4, indicates that a quarter note (crotchet) receives one beat.
(3) The time signature is 2/4.",,,,incorrect,correct,incorrect,B,,
08-01,gemini-2.5-flash,time_signature,4/4,2/2,"(1) At the beginning of the staff, after the clef and key signature, I see the numbers ""2"" stacked vertically over ""2"".
(2) The top number ""2"" indicates that there are two beats per bar. The bottom number ""2"" indicates that a half note (minim) receives one beat.
(3) The time signature is 2/2.",,,,incorrect,incorrect,incorrect,B,,
08-02,gemini-2.5-flash,time_signature,2/4,2/2,"(1) At the beginning of the staff, after the clef and key signature, I see the time signature symbol consisting of the number 2 stacked vertically over the number 2.
(2) The top number, 2, indicates that there are two beats per bar. The bottom number, 2, indicates that a half note (minim) receives one beat.
(3) The time signature is 2/2.",,,,correct,incorrect,incorrect,B,,
09-01,gemini-2.5-flash,time_signature,4/4,3/8,"(1) At the beginning of the staff, after the clef and key signature, I see the numbers ""3"" stacked vertically above ""8"".
(2) The top number, ""3"", indicates that there are three beats per bar. The bottom number, ""8"", indicates that an eighth note (quaver) receives one beat.
(3) The time signature is 3/8.",,,,incorrect,incorrect,incorrect,B,,
09-02,gemini-2.5-flash,time_signature,3/4,2/4,"(1) At the beginning of the staff, after the treble clef and key signature, I see the numbers '2' stacked above '4'.
(2) The top number '2' indicates that there are two beats per bar. The bottom number '4' indicates that a quarter note (crotchet) receives one beat.
(3) The time signature is 2/4.",,,,incorrect,correct,incorrect,B,,
09-03,gemini-2.5-flash,time_signature,2/2,2/4,"(1) At the beginning of the staff, after the treble clef and key signature, I see the numbers 2 stacked above 4.
(2) The top number, 2, indicates that there are two beats per bar. The bottom number, 4, indicates that a quarter note (crotchet) receives one beat.
(3) The time signature is 2/4.",,,,correct,incorrect,incorrect,B,,
11-2,gemini-2.5-flash,time_signature,9/8,2/4,"(1) At the beginning of the staff, after the clef and key signature, I see the numbers 2 stacked above 4.
(2) The top number, 2, indicates that there are two beats per bar. The bottom number, 4, indicates that a quarter note (crotchet) receives one beat.
(3) The time signature is 2/4.",,,,incorrect,incorrect,incorrect,B,,
12-1,gemini-2.5-flash,time_signature,3/8,2/4,"(1) At the beginning of the staff, after the clef and key signature, I see the numbers 2 stacked vertically above 4.
(2) The top number, 2, indicates that there are two beats in each bar. The bottom number, 4, indicates that a quarter note (crotchet) receives one beat.
(3) The time signature is 2/4.",,,,incorrect,incorrect,incorrect,B,,
12-2,gemini-2.5-flash,time_signature,3/4,2/4,"(1) At the beginning of the staff, after the treble and bass clefs and the key signature (which indicates B-flat major or G minor), I see two numbers stacked vertically: a '2' on top and a '4' on the bottom.

(2) The top number, '2', indicates that there are two beats in each bar. The bottom number, '4', indicates that a quarter note (crotchet) receives one beat.

(3) The time signature is 2/4.",,,,incorrect,correct,incorrect,B,,
12-3,gemini-2.5-flash,time_signature,4/4,2/4,"(1) At the beginning of the staff, after the clef and key signature, I see the numbers 2 stacked vertically above 4.
(2) The top number, 2, indicates that there are two beats per bar. The bottom number, 4, indicates that a quarter note (crotchet) receives one beat.
(3) The time signature is 2/4.",,,,incorrect,correct,incorrect,B,,
13-1,gemini-2.5-flash,time_signature,2/2,2/4,"(1) At the beginning of the staff, after the treble clef and the key signature (one flat), I see the time signature symbol consisting of two numbers stacked vertically: 2 over 4.
(2) The top number, 2, indicates that there are two beats per bar. The bottom number, 4, indicates that a quarter note (crotchet) receives one beat.
(3) The time signature is 2/4.",,,,correct,incorrect,incorrect,B,it's the C thingy,
13-2,gemini-2.5-flash,time_signature,3/4,2/4,"(1) At the beginning of the staff, after the clef and key signature, I see the time signature symbol consisting of two numbers stacked vertically: 2 over 4.
(2) The top number, 2, indicates that there are two beats in each bar. The bottom number, 4, indicates that a quarter note (crotchet) receives one beat.
(3) The time signature is 2/4.",,,,incorrect,correct,incorrect,B,,
13-3,gemini-2.5-flash,time_signature,3/4,2/4,"(1) At the beginning of the staff, after the clef and key signature, I see the time signature symbol consisting of the number 2 stacked above the number 4.
(2) The top number, 2, indicates that there are two beats per bar. The bottom number, 4, indicates that a quarter note (crotchet) receives one beat.
(3) The time signature is 2/4.",,,,incorrect,correct,incorrect,B,,
14-1,gemini-2.5-flash,time_signature,2/2,4/4,"(1) At the beginning of the staff, after the clef and key signature, I see the numbers '4' stacked above '4'.
(2) The top number '4' indicates that there are four beats in each bar. The bottom number '4' indicates that a quarter note (crotchet) receives one beat.
(3) The time signature is 4/4.",,,,incorrect,incorrect,incorrect,B,,
14-2,gemini-2.5-flash,time_signature,3/4,2/4,"(1) At the beginning of the staff, after the clef and key signature, I see the numbers 2 stacked vertically above 4.
(2) The top number, 2, indicates that there are two beats per bar. The bottom number, 4, indicates that a quarter note (crotchet) receives one beat.
(3) The time signature is 2/4.",,,,incorrect,correct,incorrect,B,,
15-1,gemini-2.5-flash,time_signature,3/4,2/4,"(1) At the beginning of the staff, after the clef and key signature, I see the numbers ""2"" stacked vertically over ""4"".
(2) The top number, 2, indicates that there are two beats in each bar. The bottom number, 4, indicates that a quarter note (crotchet) receives one beat.
(3) The time signature is 2/4.",,,,incorrect,correct,incorrect,B,,
15-3,gemini-2.5-flash,time_signature,3/4,2/4,"(1) At the beginning of the staff, after the clef and key signature, I see the time signature symbol consisting of two numbers stacked vertically: 2 over 4.
(2) The top number, 2, indicates that there are 2 beats per bar. The bottom number, 4, indicates that a quarter note (crotchet) receives one beat.
(3) The time signature is 2/4.",,,,incorrect,correct,incorrect,B,,
16-2,gemini-2.5-flash,time_signature,9/8,2/4,"(1) At the beginning of the staff, after the clef and key signature, I see the numbers '2' stacked above '4'.
(2) The top number '2' indicates that there are two beats per bar. The bottom number '4' indicates that a quarter note (crotchet) receives one beat.
(3) The time signature is 2/4.",,,,incorrect,incorrect,incorrect,B,,
16-3,gemini-2.5-flash,time_signature,2/2,2/4,"(1) At the beginning of the staff, after the treble clef, bass clef, and key signature (which indicates F major or D minor), I see the time signature symbol ""2/4"".
(2) The top number, 2, indicates that there are two beats per bar. The bottom number, 4, indicates that a quarter note (crotchet) receives one beat.
(3) The time signature is 2/4.",,,,correct,incorrect,incorrect,B,,
17-1,gemini-2.5-flash,time_signature,4/4,2/4,"(1) At the beginning of the staff, after the clef and key signature, I see the numbers 2 stacked above 4.
(2) The top number, 2, indicates that there are two beats per bar. The bottom number, 4, indicates that a quarter note (crotchet) receives one beat.
(3) The time signature is 2/4.",,,,incorrect,correct,incorrect,B,,
17-2,gemini-2.5-flash,time_signature,3/4,2/8,"(1) At the beginning of the staff, after the clef and key signature, I see the time signature symbol '2' stacked over '8'.
(2) The top number, 2, indicates that there are two beats per bar. The bottom number, 8, indicates that an eighth note (quaver) receives one beat.
(3) The time signature is 2/8.",,,,incorrect,incorrect,incorrect,B,,
17-3,gemini-2.5-flash,time_signature,3/8,2/4,"(1) At the beginning of the staff, after the clef and key signature, I see the numbers ""2"" stacked vertically above ""4"".
(2) The top number, 2, indicates that there are two beats per bar. The bottom number, 4, indicates that a quarter note (crotchet) receives one beat.
(3) The time signature is 2/4.",,,,incorrect,incorrect,incorrect,B,,
18-1,gemini-2.5-flash,time_signature,3/4,4/4,"(1) At the beginning of the staff, after the clef and key signature, I see the numbers ""4"" stacked vertically over ""4"".
(2) The top number, 4, indicates that there are four beats per bar. The bottom number, 4, indicates that a quarter note (crotchet) receives one beat.
(3) The time signature is 4/4.",,,,incorrect,correct,incorrect,B,,
18-2,gemini-2.5-flash,time_signature,2/4,3/8,"(1) At the beginning of the staff, after the clef and key signature, I see the time signature symbol 3 stacked above 8.
(2) The top number, 3, indicates that there are three beats per bar. The bottom number, 8, indicates that an eighth note (quaver) receives one beat.
(3) The time signature is 3/8.",,,,incorrect,incorrect,incorrect,B,,
18-4,gemini-2.5-flash,time_signature,6/8,8/8,"(1) At the beginning of the staff, after the clef and key signature, I see the numbers 8 over 8, stacked vertically.
(2) The top number, 8, indicates that there are 8 beats per bar. The bottom number, 8, indicates that an eighth note (quaver) receives one beat.
(3) The time signature is 8/8.",,,,incorrect,correct,incorrect,B,,
19-1,gemini-2.5-flash,time_signature,2/4,4/4,"(1) At the beginning of the staff, after the clef and key signature, I see the numbers '4' stacked vertically over '4'.
(2) The top number '4' indicates that there are four beats per bar. The bottom number '4' indicates that a quarter note (crotchet) receives one beat.
(3) The time signature is 4/4.",,,,incorrect,correct,incorrect,B,,
20-1,gemini-2.5-flash,time_signature,2/2,2/4,"(1) At the beginning of the staff, after the treble clef and the key signature (one sharp), I see the numbers 2 over 4 stacked vertically.
(2) The top number, 2, indicates that there are two beats per bar. The bottom number, 4, indicates that a quarter note (crotchet) receives one beat.
(3) The time signature is 2/4.",,,,incorrect,correct,incorrect,B,,
23-2,gemini-2.5-flash,time_signature,2/4,4/4,"(1) At the beginning of the staff, after the treble clef and key signature, I see the time signature symbol 4 stacked above 4.
(2) The top number 4 indicates that there are four beats per bar. The bottom number 4 indicates that a quarter note (crotchet) receives one beat.
(3) The time signature is 4/4.",,,,correct,incorrect,incorrect,B,,
23-3,gemini-2.5-flash,time_signature,2/4,4/4,"(1) At the beginning of the staff, after the clef and key signature, I see the time signature symbol consisting of two '4's stacked vertically.
(2) The top number, '4', indicates that there are four beats per bar. The bottom number, '4', indicates that a quarter note receives one beat.
(3) The time signature is 4/4.",,,,correct,incorrect,incorrect,B,,
26-3,gemini-2.5-flash,time_signature,6/8,2/4,"(1) At the beginning of the staff, after the treble clef and key signature, I see the time signature symbol ""2"" stacked above ""4"".
(2) The top number, 2, indicates that there are two beats per bar. The bottom number, 4, indicates that a quarter note receives one beat.
(3) Therefore, the time signature is 2/4.",,,,incorrect,incorrect,incorrect,B,,
29-2,gemini-2.5-flash,time_signature,3/4,2/4,"(1) At the beginning of the staff, after the clef and key signature, I see the numbers 2 stacked vertically over 4.

(2) The top number, 2, indicates that there are two beats per measure. The bottom number, 4, indicates that a quarter note (crotchet) receives one beat.

(3)",,,,incorrect,correct,incorrect,B,,
29-4,gemini-2.5-flash,time_signature,4/4,2/4,"(1) At the beginning of the staff, after the clef and key signature, I see the numbers 2 stacked above 4.
(2) The top number, 2, indicates that there are two beats per bar. The bottom number, 4, indicates that a quarter note (crotchet) receives one beat.
(3) The time signature is 2/4.",,,,incorrect,correct,incorrect,B,,
30-1,gemini-2.5-flash,time_signature,2/4,6/8,"(1) At the beginning of the staff, after the clef and key signature, I see the numbers 6 stacked above 8.
(2) The top number, 6, indicates that there are six beats per bar. The bottom number, 8, indicates that an eighth note (quaver) receives one beat.
(3) The time signature is 6/8.",,,,incorrect,incorrect,incorrect,B,,
30-2,gemini-2.5-flash,time_signature,6/8,2/4,"(1) At the beginning of the staff, after the clef and key signature, I see the numbers 2 stacked above 4.
(2) The top number, 2, indicates that there are two beats per bar. The bottom number, 4, indicates that a quarter note (crotchet) receives one beat.
(3) The time signature is 2/4.",,,,incorrect,incorrect,incorrect,B,,
30-3,gemini-2.5-flash,time_signature,3/4,9/16,"(1) At the beginning of the staff, after the treble and bass clefs and the key signature (four sharps), I see the time signature symbol which consists of two numbers stacked vertically: 9 over 16.

(2) The top number, 9, indicates that there are nine beats in each measure. The bottom number, 16, indicates that a sixteenth note receives one beat.

(3) This is a compound time signature, meaning there are three groups of three sixteenth notes per measure.",,,,incorrect,incorrect,incorrect,B,,
31-1,gemini-2.5-flash,time_signature,3/4,9/8,"(1) At the beginning of the staff, after the treble and bass clefs and the key signature (three flats), I see the numbers 9 and 8 stacked vertically.
(2) The top number, 9, indicates that there are nine beats per bar. The bottom number, 8, indicates that an eighth note (quaver) receives one beat.
(3) Therefore, the time signature is 9/8.",,,,incorrect,incorrect,incorrect,B,,
31-3,gemini-2.5-flash,time_signature,4/4,3/8,"(1) At the beginning of the staff, after the clef and key signature, I see the time signature symbol as two numbers stacked vertically: 3 over 8.
(2) The top number, 3, indicates that there are 3 beats per bar. The bottom number, 8, indicates that an eighth note (quaver) receives one beat.
(3) The time signature is 3/8.",,,,incorrect,incorrect,incorrect,B,,
01-04,gpt-5.4,time_signature,2/2,4/4,"(1) At the beginning of the staff, after the clef and the key signature, the time signature shows a 4 on top of another 4.

(2) The top number 4 means there are 4 beats in each bar. The bottom number 4 means the quarter note gets one beat.

(3) So the time signature is 4/4.",,,,incorrect,incorrect,incorrect,B,,
05-02,gpt-5.4,time_signature,2/4,2/2,"At the beginning of the score, just after the clef and key signature, the time signature shows 2 over 2.

- The top number 2 means there are 2 beats in each bar.
- The bottom number 2 means the half note gets one beat.",,,,correct,incorrect,incorrect,B,,
08-03,gpt-5.4,time_signature,2/2,4/4,"(1) At the beginning of the staff, just after the clef and key signature, the time signature shows 2 numbers stacked vertically: 4 on top and 4 on the bottom.

(2) The top number 4 means there are 4 beats in each bar. The bottom number 4 means the quarter note gets one beat.

(3) So the time signature is 4/4.",,,,incorrect,incorrect,incorrect,B,,
13-1,gpt-5.4,time_signature,2/2,2/4,"At the beginning of the score on page 1, just after the treble and bass clefs and the key signature, the time signature shows two stacked numbers: 2 over 4.

- The top number 2 means there are 2 beats in each bar.
- The bottom number 4 means the quarter note (crotchet) gets one beat.",,,,correct,incorrect,incorrect,B,,
13-2,gpt-5.4,time_signature,3/4,4/4,"(1) At the beginning of the staff, just after the clef and key signature, the time signature shows a 4 above a 4.

(2) The top 4 means there are 4 beats in each measure. The bottom 4 means the quarter note gets one beat.

(3) So the time signature is 4/4.",,,,incorrect,correct,incorrect,B,,
16-2,gpt-5.4,time_signature,9/8,8/8,"(1) At the beginning of the staff, just after the clef and key signature, the time signature shows an 8 over 8.

(2) The top 8 means there are 8 beats per bar. The bottom 8 means the eighth note gets one beat.

(3) So the time signature is 8/8.",,,,incorrect,correct,incorrect,B,,
16-3,gpt-5.4,time_signature,2/2,4/4,"(1) At the beginning of the staff, after the treble/bass clefs and the one-sharp key signature, the time signature shows a 4 over a 4.

(2) The top 4 means there are 4 beats in each measure. The bottom 4 means the quarter note gets one beat.

(3) Therefore, the time signature is 4/4.",,,,incorrect,incorrect,incorrect,B,,
20-1,gpt-5.4,time_signature,2/2,4/4,"(1) At the beginning of the staff, just after the treble and bass clefs and the key signature, the time signature shows a 4 on top of another 4.

(2) The top number 4 means there are 4 beats in each measure. The bottom number 4 means the quarter note gets one beat.

(3) So the time signature is 4/4.",,,,incorrect,incorrect,incorrect,B,,
23-2,gpt-5.4,time_signature,2/4,2/2,"(1) At the beginning of the staff, just after the bass clef and the key signature, the time signature shows 2 over 2.

(2) The top number 2 means there are 2 beats in each bar. The bottom number 2 means the half note gets one beat.

(3) Therefore, the time signature is 2/2.",,,,correct,incorrect,incorrect,B,,
29-1,gpt-5.4,time_signature,2/2,4/4,"At the beginning of the score on page 1, just after the treble and bass clefs and the key signature, the time signature shows 4 over 4.

- The top number 4 means there are 4 beats in each bar.
- The bottom number 4 means the quarter note gets one beat.",,,,incorrect,incorrect,incorrect,B,,